{
    "Aruco2": {
        "tvecs": [
            0.008840179286663627,
            0.001510629469913157,
            0.17207788815485356
        ],
        "rvecs": [
            -2.2296071948780054,
            2.0839151752918124,
            -0.2307254581608096
        ],
        "id": "2"
    }
}